"trial_id","display_id","subjectnr","freq","cond","nativeness","uh_time","target_time"
1,1,1,"HF","DISFL","native",947,1576
2,2,1,"LF","DISFL","native",951,1529
3,3,1,"HF","DISFL","native",937,1536
4,4,1,"LF","DISFL","native",933,1577
5,5,1,"LF","DISFL","native",936,1523
6,6,1,"HF","DISFL","native",938,1559
7,7,1,"LF","DISFL","native",950,1613
8,8,1,"HF","DISFL","native",952,1563
9,9,1,"LF","DISFL","native",949,1600
10,10,1,"HF","DISFL","native",945,1586
11,11,1,"LF","DISFL","native",952,1559
12,12,1,"LF","DISFL","native",951,1621
13,13,1,"HF","DISFL","native",946,1549
14,14,1,"HF","DISFL","native",945,1550
15,15,1,"HF","DISFL","native",947,1563
16,1,2,"LF","DISFL","native",949,1522
17,16,2,"HF","DISFL","native",948,1534
18,3,2,"LF","DISFL","native",932,1550
19,17,2,"HF","DISFL","native",937,1556
20,18,2,"HF","DISFL","native",938,1552
21,19,2,"LF","DISFL","native",938,1556
22,7,2,"HF","DISFL","native",947,1535
23,20,2,"LF","DISFL","native",951,1557
24,9,2,"HF","DISFL","native",950,1554
25,10,2,"LF","DISFL","native",950,1615
26,21,2,"HF","DISFL","native",950,1579
27,12,2,"HF","DISFL","native",948,1595
28,22,2,"LF","DISFL","native",950,1556
29,14,2,"LF","DISFL","native",953,1613
30,23,2,"LF","DISFL","native",949,1584
31,24,3,"LF","DISFL","native",949,1522
32,2,3,"HF","DISFL","native",947,1533
33,25,3,"LF","DISFL","native",937,1555
34,4,3,"HF","DISFL","native",938,1557
35,5,3,"HF","DISFL","native",936,1550
36,19,3,"LF","DISFL","native",936,1553
37,7,3,"HF","DISFL","native",949,1537
38,8,3,"LF","DISFL","native",951,1557
39,26,3,"HF","DISFL","native",953,1557
40,27,3,"LF","DISFL","native",946,1612
41,21,3,"HF","DISFL","native",944,1574
42,12,3,"HF","DISFL","native",947,1595
43,22,3,"LF","DISFL","native",943,1548
44,28,3,"LF","DISFL","native",950,1609
45,23,3,"LF","DISFL","native",950,1586
46,24,4,"LF","DISFL","native",949,1522
47,2,4,"HF","DISFL","native",945,1530
48,3,4,"LF","DISFL","native",934,1552
49,17,4,"HF","DISFL","native",936,1555
50,18,4,"HF","DISFL","native",935,1549
51,6,4,"LF","DISFL","native",934,1552
52,7,4,"HF","DISFL","native",947,1535
53,8,4,"LF","DISFL","native",950,1556
54,9,4,"HF","DISFL","native",948,1552
55,27,4,"LF","DISFL","native",947,1613
56,11,4,"HF","DISFL","native",949,1579
57,12,4,"HF","DISFL","native",951,1599
58,13,4,"LF","DISFL","native",950,1555
59,14,4,"LF","DISFL","native",952,1612
60,23,4,"LF","DISFL","native",949,1585
61,29,6,"HF","DISFL","native",934,1578
62,30,6,"HF","DISFL","native",937,1518
63,31,6,"LF","DISFL","native",935,1532
64,32,6,"HF","DISFL","native",936,1525
65,33,6,"HF","DISFL","native",948,1584
66,34,6,"LF","DISFL","native",934,1550
67,35,6,"LF","DISFL","native",951,1555
68,36,6,"HF","DISFL","native",950,1572
69,37,6,"LF","DISFL","native",936,1525
70,38,6,"HF","DISFL","native",953,1633
71,39,6,"LF","DISFL","native",949,1565
72,40,6,"HF","DISFL","native",953,1591
73,41,6,"LF","DISFL","native",950,1612
74,42,6,"LF","DISFL","native",948,1580
75,43,6,"HF","DISFL","native",954,1633
76,24,5,"LF","DISFL","native",949,1522
77,2,5,"HF","DISFL","native",945,1531
78,25,5,"LF","DISFL","native",933,1551
79,17,5,"HF","DISFL","native",936,1555
80,18,5,"HF","DISFL","native",936,1550
81,19,5,"LF","DISFL","native",935,1553
82,7,5,"HF","DISFL","native",947,1535
83,8,5,"LF","DISFL","native",949,1555
84,9,5,"HF","DISFL","native",949,1553
85,10,5,"LF","DISFL","native",945,1611
86,11,5,"HF","DISFL","native",945,1575
87,44,5,"HF","DISFL","native",951,1599
88,22,5,"LF","DISFL","native",949,1554
89,14,5,"LF","DISFL","native",948,1608
90,23,5,"LF","DISFL","native",947,1583
91,1,1,"HF","DISFL","nonnative",899,1503
92,2,1,"LF","DISFL","nonnative",1057,1678
93,3,1,"HF","DISFL","nonnative",908,1495
94,17,1,"LF","DISFL","nonnative",894,1514
95,18,1,"LF","DISFL","nonnative",894,1486
96,19,1,"HF","DISFL","nonnative",1102,1724
97,7,1,"LF","DISFL","nonnative",899,1525
98,8,1,"HF","DISFL","nonnative",974,1566
99,9,1,"LF","DISFL","nonnative",1050,1672
100,27,1,"HF","DISFL","nonnative",898,1558
101,21,1,"LF","DISFL","nonnative",899,1512
102,12,1,"LF","DISFL","nonnative",899,1541
103,22,1,"HF","DISFL","nonnative",898,1511
104,28,1,"HF","DISFL","nonnative",899,1483
105,23,1,"HF","DISFL","nonnative",898,1549
106,45,2,"HF","DISFL","nonnative",894,1529
107,46,2,"HF","DISFL","nonnative",894,1481
108,47,2,"LF","DISFL","nonnative",894,1491
109,32,2,"HF","DISFL","nonnative",894,1516
110,33,2,"HF","DISFL","nonnative",898,1571
111,48,2,"LF","DISFL","nonnative",894,1511
112,49,2,"LF","DISFL","nonnative",899,1520
113,50,2,"HF","DISFL","nonnative",898,1567
114,37,2,"LF","DISFL","nonnative",894,1475
115,38,2,"HF","DISFL","nonnative",899,1574
116,39,2,"LF","DISFL","nonnative",899,1502
117,40,2,"HF","DISFL","nonnative",899,1541
118,51,2,"LF","DISFL","nonnative",899,1568
119,52,2,"LF","DISFL","nonnative",898,1572
120,43,2,"HF","DISFL","nonnative",899,1557
121,24,4,"LF","DISFL","nonnative",898,1483
122,16,4,"HF","DISFL","nonnative",898,1519
123,25,4,"LF","DISFL","nonnative",894,1507
124,17,4,"HF","DISFL","nonnative",894,1526
125,5,4,"HF","DISFL","nonnative",894,1515
126,6,4,"LF","DISFL","nonnative",894,1543
127,53,4,"HF","DISFL","nonnative",898,1478
128,20,4,"LF","DISFL","nonnative",899,1488
129,26,4,"HF","DISFL","nonnative",899,1489
130,10,4,"LF","DISFL","nonnative",898,1575
131,21,4,"HF","DISFL","nonnative",898,1557
132,44,4,"HF","DISFL","nonnative",899,1542
133,13,4,"LF","DISFL","nonnative",898,1558
134,28,4,"LF","DISFL","nonnative",899,1523
135,23,4,"LF","DISFL","nonnative",898,1578
136,24,3,"HF","DISFL","nonnative",899,1503
137,2,3,"LF","DISFL","nonnative",898,1519
138,25,3,"HF","DISFL","nonnative",894,1481
139,17,3,"LF","DISFL","nonnative",894,1514
140,5,3,"LF","DISFL","nonnative",894,1486
141,6,3,"HF","DISFL","nonnative",894,1516
142,7,3,"LF","DISFL","nonnative",899,1525
143,20,3,"HF","DISFL","nonnative",899,1491
144,26,3,"LF","DISFL","nonnative",899,1521
145,27,3,"HF","DISFL","nonnative",898,1558
146,21,3,"LF","DISFL","nonnative",899,1512
147,12,3,"LF","DISFL","nonnative",899,1541
148,13,3,"HF","DISFL","nonnative",898,1511
149,28,3,"HF","DISFL","nonnative",899,1483
150,23,3,"HF","DISFL","nonnative",898,1549
151,29,5,"HF","DISFL","nonnative",894,1529
152,30,5,"HF","DISFL","nonnative",894,1481
153,47,5,"LF","DISFL","nonnative",894,1491
154,54,5,"HF","DISFL","nonnative",894,1516
155,55,5,"HF","DISFL","nonnative",898,1571
156,34,5,"LF","DISFL","nonnative",894,1511
157,35,5,"LF","DISFL","nonnative",942,1563
158,50,5,"HF","DISFL","nonnative",898,1567
159,56,5,"LF","DISFL","nonnative",894,1475
160,38,5,"HF","DISFL","nonnative",899,1574
161,57,5,"LF","DISFL","nonnative",899,1502
162,40,5,"HF","DISFL","nonnative",899,1541
163,51,5,"LF","DISFL","nonnative",899,1568
164,52,5,"LF","DISFL","nonnative",898,1572
165,43,5,"HF","DISFL","nonnative",966,1624
166,45,6,"HF","DISFL","nonnative",894,1529
167,30,6,"HF","DISFL","nonnative",894,1481
168,47,6,"LF","DISFL","nonnative",894,1491
169,54,6,"HF","DISFL","nonnative",894,1516
170,33,6,"HF","DISFL","nonnative",898,1571
171,48,6,"LF","DISFL","nonnative",894,1511
172,35,6,"LF","DISFL","nonnative",899,1520
173,50,6,"HF","DISFL","nonnative",898,1567
174,37,6,"LF","DISFL","nonnative",894,1475
175,58,6,"HF","DISFL","nonnative",899,1574
176,57,6,"LF","DISFL","nonnative",899,1502
177,59,6,"HF","DISFL","nonnative",899,1541
178,51,6,"LF","DISFL","nonnative",899,1568
179,42,6,"LF","DISFL","nonnative",898,1572
180,43,6,"HF","DISFL","nonnative",899,1557
